papel;cotacao;pl;pvp;psr;dy;pa;pcg;pebit;pacl;evebit;evebitda;mrgebit;mrgliq;roic;roe;liqc;liq2m;patrliq;divbpatr;c5y
AALR3;22.09;-19.29;2.44;2.393;0.0;0.993;-31.86;86.95;-2.56;108.99;22.38;0.0275;-0.11800000000000001;0.0132;-0.1263;0.86;11052200.0;1072550000.0;0.85;0.0116
ABCB4;18.46;5.22;0.8;0.0;0.0757;0.0;0.0;0.0;0.0;0.0;0.0;0.0;0.0;0.0;0.1537;0.0;18664400.0;5205390000.0;0.0;0.2753
ABEV3;13.62;14.84;2.62;2.691;0.055999999999999994;1.555;-78.76;14.0;-12.76;13.25;9.76;0.19219999999999998;0.1868;0.15460000000000002;0.1764;0.93;492712000.0;81955600000.0;0.05;0.1331
AERI3;1.39;-11.49;1.2;0.431;0.0149;0.282;0.84;5.61;-3.64;9.59;7.49;0.07690000000000001;-0.037599999999999995;0.07980000000000001;-0.1048;1.95;11070900.0;884868000.0;2.05;0.057300000000000004
AESB3;10.2;41.01;1.4;2.158;0.0086;0.324;2.09;9.12;-0.72;19.69;11.15;0.2365;0.1125;0.0452;0.0341;2.6;21670900.0;4391180000.0;2.48;0.45530000000000004
AFLT3;8.73;14.69;2.11;7.643;0.0271;1.831;11.46;14.37;19.23;13.82;13.76;0.5318;0.5203;0.1401;0.1438;3.34;3196.15;260732000.0;0.0;0.3044
AGRO3;26.22;21.56;1.31;2.111;0.2004;0.797;4.22;15.38;-63.93;18.6;12.63;0.1373;0.09789999999999999;0.0604;0.060700000000000004;1.99;11150600.0;2051180000.0;0.43;0.3367
AGXY3;9.09;-23.63;1.21;0.145;0.018500000000000003;0.178;1.57;3.27;-5.14;5.7;4.72;0.0443;-0.0060999999999999995;0.1133;-0.0513;1.16;553838.0;1282050000.0;1.52;0.8742
ALLD3;4.98;6.29;0.31;0.086;0.1857;0.124;0.44;2.58;1.71;5.54;3.92;0.0331;0.013600000000000001;0.0729;0.048799999999999996;1.72;146976.0;1512190000.0;0.42;-0.054900000000000004
ALPA3;9.6;53.99;1.14;1.568;0.0;0.771;2.88;12.08;6.35;13.24;10.17;0.1298;0.026000000000000002;0.0754;0.021099999999999997;2.52;120315.0;5758100000.0;0.22;0.020099999999999996
ALPA4;9.97;56.07;1.18;1.628;0.0;0.801;2.99;12.55;6.59;13.71;10.53;0.1298;0.026000000000000002;0.0754;0.021099999999999997;2.52;61417500.0;5758100000.0;0.22;0.020099999999999996
ALPK3;1.46;-1.89;0.68;0.29;0.0;0.12;-0.83;1.47;-0.17;7.46;3.58;0.1972;-0.15259999999999999;0.08990000000000001;-0.3611;0.44;603324.0;459504000.0;3.03;0.4288
ALSO3;17.54;36.01;1.5;9.589;0.0098;0.843;4.36;18.16;-9.05;13.55;10.2;0.5282;0.3209;0.0593;0.0417;3.98;63918500.0;6924050000.0;0.0;0.3165
ALUP11;27.07;8.64;1.14;2.069;0.0454;0.284;2.82;2.66;-0.65;5.67;5.39;0.7792;0.434;0.1195;0.132;2.1;26261200.0;6958060000.0;1.68;0.168
ALUP3;9.0;8.61;1.14;2.064;0.045599999999999995;0.283;2.81;2.65;-0.65;5.66;5.39;0.7792;0.434;0.1195;0.132;2.1;119767.0;6958060000.0;1.68;0.168
ALUP4;8.97;8.59;1.13;2.057;0.045700000000000005;0.282;2.8;2.64;-0.65;5.65;5.38;0.7792;0.434;0.1195;0.132;2.1;185035.0;6958060000.0;1.68;0.168
AMAR3;0.74;-1.23;0.26;0.091;0.0;0.071;0.59;0.92;-0.26;6.46;3.26;0.09910000000000001;-0.0738;0.0947;-0.21109999999999998;1.36;10767900.0;973981000.0;1.76;-0.0147
AMBP3;22.3;27.33;2.44;0.768;0.013600000000000001;0.313;1.15;4.46;-0.84;9.92;6.41;0.172;0.042199999999999994;0.1032;0.0892;2.37;22115500.0;1033460000.0;5.28;1.2466
AMER3;1.1;23.15;0.07;0.035;0.0;0.021;0.08;0.82;-0.1;10.92;4.16;0.0431;0.0015;0.0361;0.0029;2.24;188437000.0;14705600000.0;1.41;0.4703
ANIM3;3.7;-3.99;0.57;0.421;0.0;0.143;7.39;2.27;-0.28;8.21;4.39;0.1857;-0.0876;0.0722;-0.1418;1.11;18225900.0;2638050000.0;1.9;0.3518
APER3;26.01;26.11;1.09;2.313;0.0021;0.659;6.04;6.89;-6.33;5.03;4.07;0.3356;0.0889;0.1192;0.0416;1.6;1239160.0;468023000.0;0.0;0.2419
ARML3;14.34;40.16;4.36;5.914;0.028300000000000002;1.43;6.49;17.6;-4.36;21.24;14.98;0.3361;0.14730000000000001;0.1213;0.1085;2.79;4702110.0;1139270000.0;1.66;2.6972000000000005
ARZZ3;77.62;20.24;3.27;2.13;0.0236;1.928;10.82;17.67;18.18;17.4;13.56;0.12050000000000001;0.10460000000000001;0.14880000000000002;0.1617;1.53;99184300.0;2614130000.0;0.16;0.2738
ASAI3;18.04;19.95;6.25;0.446;0.009000000000000001;0.599;-10.88;6.41;-1.08;8.19;6.49;0.0696;0.022400000000000003;0.1744;0.3131;0.86;196192000.0;3896000000.0;3.23;0.2116
ATOM3;2.8;6.65;2.84;1.857;0.0216;1.902;2.14;7.08;2.93;4.57;4.47;0.2623;0.2793;0.8565;0.42729999999999996;10.55;44439.9;23460000.0;0.0;0.5068
AURA33;35.4;7.28;1.55;1.234;0.0416;0.66;5.55;4.69;-2.83;5.53;5.53;0.26289999999999997;0.16940000000000002;0.1938;0.2125;1.54;3921000.0;1618150000.0;0.69;0.3323
AURE3;14.85;5.55;0.97;2.692;0.0;0.46;7.18;19.22;-1.38;22.64;12.93;0.1401;0.48560000000000003;0.0271;0.1753;1.49;63830400.0;15253100000.0;0.39;1.1018999999999999
AZEV3;1.67;11.14;1.03;0.399;0.0;0.26;-4.01;-1.78;-0.61;-2.21;-3.27;-0.2238;0.0359;-0.162;0.0928;0.83;260464.0;124647000.0;0.38;0.8563
AZEV4;1.64;10.94;1.02;0.392;0.0;0.255;-3.94;-1.75;-0.6;-2.18;-3.22;-0.2238;0.0359;-0.162;0.0928;0.83;702091.0;124647000.0;0.38;0.8563
B3SA3;11.65;16.81;3.51;7.028;0.0447;1.493;9.08;12.75;-6.98;12.25;10.3;0.5511;0.418;0.1716;0.20850000000000002;1.84;512115000.0;20271100000.0;0.6;0.2122
BAHI3;10.61;-2.77;2.39;0.759;0.0;0.396;-1.64;-9.6;-0.54;-15.17;-24.48;-0.0791;-0.287;-0.043;-0.8643000000000001;0.23;48271.4;106101000.0;1.55;0.767
BALM3;10.3;3.92;0.74;0.683;0.0347;0.445;0.99;7.4;1.54;6.0;4.67;0.09230000000000001;0.1732;0.0762;0.18899999999999997;2.93;216.61;136239000.0;0.14;0.053200000000000004
BALM4;8.6;3.27;0.62;0.57;0.0415;0.371;0.82;6.18;1.29;4.78;3.72;0.09230000000000001;0.1732;0.0762;0.18899999999999997;2.93;2001.71;136239000.0;0.14;0.053200000000000004
BAUH4;80.15;45.93;3.89;2.284;0.0;2.529;90.13;135.19;-68.04;135.16;50.83;0.0169;0.049699999999999994;0.024300000000000002;0.08460000000000001;1.1;4613.8;107672000.0;0.14;0.013999999999999999
BAZA3;59.26;2.91;0.68;0.0;0.0611;0.0;0.0;0.0;0.0;0.0;0.0;0.0;0.0;0.0;0.2336;0.0;229806.0;4881810000.0;0.0;0.23579999999999998
BBAS3;40.0;3.72;0.75;0.0;0.1041;0.0;0.0;0.0;0.0;0.0;0.0;0.0;0.0;0.0;0.2006;0.0;701279000.0;153547000000.0;0.0;0.1753
BBDC3;12.2;6.27;0.84;0.0;0.0751;0.0;0.0;0.0;0.0;0.0;0.0;0.0;0.0;0.0;0.1344;0.0;99373300.0;154263000000.0;0.0;0.0613
BBDC4;14.02;7.21;0.97;0.0;0.0719;0.0;0.0;0.0;0.0;0.0;0.0;0.0;0.0;0.0;0.1344;0.0;811488000.0;154263000000.0;0.0;0.0613
BBSE3;34.86;11.53;9.18;0.0;0.0834;4.322;0.0;9.9;0.0;0.0;0.0;0.0;0.0;0.0;0.7957;0.0;222279000.0;7596100000.0;0.0;0.0
BEEF3;11.89;11.07;14.25;0.233;0.0472;0.337;1.49;3.04;-0.98;5.85;4.98;0.0768;0.021099999999999997;0.22;1.2875;1.6;119183000.0;506828000.0;27.16;0.1911
BEES3;6.45;6.17;1.0;0.0;0.09140000000000001;0.0;0.0;0.0;0.0;0.0;0.0;0.0;0.0;0.0;0.16219999999999998;0.0;127734.0;2035290000.0;0.0;0.0891
BEES4;7.11;6.81;1.1;0.0;0.08289999999999999;0.0;0.0;0.0;0.0;0.0;0.0;0.0;0.0;0.0;0.16219999999999998;0.0;37997.4;2035290000.0;0.0;0.0891
BGIP4;18.8;3.81;0.48;0.0;0.13119999999999998;0.0;0.0;0.0;0.0;0.0;0.0;0.0;0.0;0.0;0.1268;0.0;77017.2;595556000.0;0.0;0.0121
BIOM3;4.1;-3.3;2.75;3.286;0.0;0.945;6.78;-4.07;-3.26;-5.46;-5.51;-0.8077;-0.9943000000000001;-0.2956;-0.8309000000000001;1.62;56242.6;121364000.0;1.39;2.5534
BLAU3;29.86;14.77;2.94;3.807;0.028399999999999998;2.144;4.1;11.8;5.37;11.07;10.55;0.32270000000000004;0.25579999999999997;0.26839999999999997;0.1991;4.52;7131450.0;1822160000.0;0.17;0.1629
BLUT3;5.14;-5.63;0.46;0.0;0.0;0.138;-0.76;-42.93;-0.2;-53.97;-53.97;0.0;0.0;-0.0033;-0.0824;0.0;3091.81;56569000.0;0.12;0.0
BLUT4;1.52;-1.66;0.14;0.0;0.0;0.041;-0.22;-12.69;-0.06;-23.74;-23.74;0.0;0.0;-0.0033;-0.0824;0.0;10453.2;56569000.0;0.12;0.0
BMEB3;10.85;5.67;0.89;0.0;0.023399999999999997;0.0;0.0;0.0;0.0;0.0;0.0;0.0;0.0;0.0;0.1576;0.0;6183.98;1273010000.0;0.0;0.17670000000000002
BMEB4;10.1;5.28;0.83;0.0;0.0277;0.0;0.0;0.0;0.0;0.0;0.0;0.0;0.0;0.0;0.1576;0.0;53771.0;1273010000.0;0.0;0.17670000000000002
BMGB4;2.15;5.54;0.32;0.0;0.1699;0.0;0.0;0.0;0.0;0.0;0.0;0.0;0.0;0.0;0.0574;0.0;2336190.0;3939450000.0;0.0;-0.0347
BMIN3;18.5;9.15;0.68;0.0;0.0;0.0;0.0;0.0;0.0;0.0;0.0;0.0;0.0;0.0;0.0739;0.0;647.83;132130000.0;0.0;0.1617
BMIN4;13.99;6.92;0.51;0.0;0.0;0.0;0.0;0.0;0.0;0.0;0.0;0.0;0.0;0.0;0.0739;0.0;1037.76;132130000.0;0.0;0.1617
BMKS3;387.0;7.73;0.85;9.815;0.0462;0.769;1.0;-44.57;1.11;-3.17;-3.55;-0.2202;1.2697;-0.06280000000000001;0.1105;36.02;8729.96;206103000.0;0.01;0.08349999999999999
BMOB3;13.7;14.26;1.17;0.878;0.0148;0.893;1.97;12.51;2.22;7.02;4.31;0.0702;0.0616;0.1368;0.0821;3.42;5358440.0;1063710000.0;0.0;3.7426999999999997
BNBR3;80.5;3.45;0.77;0.0;0.0557;0.0;0.0;0.0;0.0;0.0;0.0;0.0;0.0;0.0;0.22399999999999998;0.0;5043.54;8996180000.0;0.0;0.2234
BOAS3;7.6;15.26;1.83;4.716;0.0351;1.565;3.26;25.13;3.48;16.97;8.11;0.1877;0.309;0.1349;0.1197;5.27;15624400.0;2215200000.0;0.01;0.1624
BPAC11;20.71;10.13;1.87;0.0;0.0317;0.0;0.0;0.0;0.0;0.0;0.0;0.0;0.0;0.0;0.18510000000000001;0.0;355460000.0;42371800000.0;0.0;0.342
BPAC3;10.89;15.98;2.96;0.0;0.020099999999999996;0.0;0.0;0.0;0.0;0.0;0.0;0.0;0.0;0.0;0.18510000000000001;0.0;102871.0;42371800000.0;0.0;0.342
BPAC5;5.11;7.5;1.39;0.0;0.0429;0.0;0.0;0.0;0.0;0.0;0.0;0.0;0.0;0.0;0.18510000000000001;0.0;47860.7;42371800000.0;0.0;0.342
BPAN4;5.31;9.57;0.88;0.0;0.0533;0.0;0.0;0.0;0.0;0.0;0.0;0.0;0.0;0.0;0.0916;0.0;18724700.0;7706050000.0;0.0;0.171
BRAP3;25.64;1.7;1.29;0.0;0.11599999999999999;1.271;12.64;-463.64;12.66;-424.87;-424.87;0.0;0.0;-0.0031;0.7582;9.56;1700830.0;7833580000.0;0.0;0.0
BRAP4;28.28;1.87;1.42;0.0;0.1157;1.402;13.94;-511.38;13.96;-472.61;-472.61;0.0;0.0;-0.0031;0.7582;9.56;68681300.0;7833580000.0;0.0;0.0
BRBI11;10.53;7.52;1.37;4.404;0.09380000000000001;0.14;1.31;15.59;1.54;3.27;3.08;0.2825;0.586;0.6751999999999999;0.18289999999999998;1.12;912606.0;804217000.0;8.57;-0.5471
BRFS3;7.08;-2.42;0.68;0.142;0.0;0.132;1.82;18.22;-0.39;53.8;6.63;0.0078000000000000005;-0.0584;0.012199999999999999;-0.281;1.19;189015000.0;11270000000.0;2.09;0.1646
BRGE11;9.7;8.51;0.55;187.793;0.0395;0.211;0.61;-0.96;1.49;1.09;1.11;-195.54;33.3559;-0.39990000000000003;0.06509999999999999;2.33;287.81;1289790000.0;0.0;-0.4365
BRGE12;9.72;8.52;0.56;188.181;0.0;0.212;0.61;-0.96;1.49;1.09;1.11;-195.54;33.3559;-0.39990000000000003;0.06509999999999999;2.33;7336.61;1289790000.0;0.0;-0.4365
BRGE3;9.5;8.33;0.54;183.921;0.0;0.207;0.6;-0.94;1.46;1.11;1.13;-195.54;33.3559;-0.39990000000000003;0.06509999999999999;2.33;1850.44;1289790000.0;0.0;-0.4365
BRGE6;10.51;9.22;0.6;203.475;0.0728;0.229;0.66;-1.04;1.62;1.01;1.03;-195.54;33.3559;-0.39990000000000003;0.06509999999999999;2.33;109.83;1289790000.0;0.0;-0.4365
BRGE8;9.7;8.51;0.55;187.793;0.0329;0.211;0.61;-0.96;1.49;1.09;1.11;-195.54;33.3559;-0.39990000000000003;0.06509999999999999;2.33;314.9;1289790000.0;0.0;-0.4365
BRIT3;2.16;30.51;0.71;1.063;0.0005;0.31;2.57;6.31;-1.08;10.45;4.07;0.1685;0.0349;0.06509999999999999;0.0233;1.76;1165540.0;1362930000.0;0.97;0.0
BRIV3;9.69;7.24;0.51;0.0;0.0219;0.0;0.0;0.0;0.0;0.0;0.0;0.0;0.0;0.0;0.0707;0.0;5664.46;1678620000.0;0.0;0.4775
BRIV4;9.48;7.08;0.5;0.0;0.0654;0.0;0.0;0.0;0.0;0.0;0.0;0.0;0.0;0.0;0.0707;0.0;11820.7;1678620000.0;0.0;0.4775
BRKM3;21.01;8.79;1.93;0.158;0.08070000000000001;0.182;1.26;1.3;-0.36;2.97;2.18;0.122;0.014499999999999999;0.198;0.2193;1.53;382613.0;8689360000.0;4.12;0.2027
BRKM5;20.68;8.65;1.9;0.156;0.08199999999999999;0.179;1.24;1.28;-0.35;2.95;2.17;0.122;0.014499999999999999;0.198;0.2193;1.53;83941800.0;8689360000.0;4.12;0.2027
BRKM6;19.0;7.95;1.74;0.143;0.0;0.164;1.14;1.17;-0.32;2.85;2.09;0.122;0.014499999999999999;0.198;0.2193;1.53;4678.12;8689360000.0;4.12;0.2027
BRPR3;245.84;-1.87;0.65;9.594;0.41159999999999997;0.605;1.34;17.78;1.43;15.97;15.77;0.5397;-5.1197;0.0363;-0.34490000000000004;12.93;14240500.0;4416020000.0;0.0;-0.08109999999999999
BRSR3;11.14;6.37;0.48;0.0;0.0791;0.0;0.0;0.0;0.0;0.0;0.0;0.0;0.0;0.0;0.0759;0.0;51490.2;9413890000.0;0.0;0.0177
BRSR5;15.3;8.75;0.66;0.0;0.0584;0.0;0.0;0.0;0.0;0.0;0.0;0.0;0.0;0.0;0.0759;0.0;1790.46;9413890000.0;0.0;0.0177
BRSR6;10.18;5.82;0.44;0.0;0.0866;0.0;0.0;0.0;0.0;0.0;0.0;0.0;0.0;0.0;0.0759;0.0;15645300.0;9413890000.0;0.0;0.0177
BSLI3;14.5;12.36;2.47;0.0;0.0134;0.0;0.0;0.0;0.0;0.0;0.0;0.0;0.0;0.0;0.1998;0.0;5257.95;2131890000.0;0.0;0.0002
BSLI4;12.0;10.23;2.04;0.0;0.0179;0.0;0.0;0.0;0.0;0.0;0.0;0.0;0.0;0.0;0.1998;0.0;5335.98;2131890000.0;0.0;0.0002
BTTL3;20.19;10.68;7.92;0.546;0.0;1.535;19.75;9.55;-5.67;9.95;7.79;0.0571;0.051100000000000007;0.2256;0.7412000000000001;1.17;395854.0;37891000.0;1.12;0.3972
CALI3;8.5;6.33;1.6;0.329;0.0508;0.141;0.4;3.94;-0.44;13.53;13.0;0.0836;0.052000000000000005;0.043899999999999995;0.25329999999999997;2.44;725.34;19711000.0;5.34;1.2216
CAMB3;5.66;4.22;1.39;0.543;0.034;0.619;3.18;2.56;-7.38;3.62;3.26;0.212;0.1288;0.267;0.3299;1.7;184432.0;171668000.0;0.65;0.1321
CAML3;7.83;5.71;0.91;0.275;0.048499999999999995;0.32;1.16;5.65;-3.84;11.95;7.03;0.0487;0.0483;0.07200000000000001;0.1597;1.95;12161100.0;3008160000.0;1.28;0.2298
CASH3;0.96;-12.71;1.07;2.273;0.0;0.628;1.77;-4.82;2.37;-0.47;-0.5;-0.47130000000000005;-0.2257;-0.30920000000000003;-0.0842;2.13;25812500.0;776485000.0;0.0;0.7533
CBAV3;10.02;3.9;1.1;0.643;0.0383;0.473;2.08;3.78;-2.9;4.7;3.55;0.1699;0.1779;0.157;0.2822;2.42;33858900.0;5423400000.0;0.57;0.0
CBEE3;13.94;-36.24;0.64;0.433;0.0059;0.198;-2.49;3.64;-0.4;9.04;5.49;0.11900000000000001;-0.011899999999999999;0.0594;-0.0176;0.71;383.44;5234890000.0;0.99;0.1115
CCRO3;11.62;5.68;2.05;1.224;0.0327;0.464;12.66;2.38;-0.9;4.49;3.82;0.5139;0.21960000000000002;0.2375;0.3605;1.17;131566000.0;11464600000.0;2.53;0.1625
CEAB3;3.11;1153.6;0.32;0.155;0.0;0.1;0.89;5.87;-0.51;8.74;1.7;0.0264;0.0001;0.0268;0.0003;1.29;17376300.0;3000200000.0;0.72;0.034
CEBR3;11.22;4.14;0.84;2.046;0.3157;0.599;1.36;4.45;1.44;1.62;1.53;0.4596;0.6868000000000001;0.22210000000000002;0.203;6.9;53757.0;962556000.0;0.0;-0.43320000000000003
CEBR5;11.1;4.1;0.83;2.024;0.3191;0.593;1.34;4.4;1.42;1.57;1.48;0.4596;0.6868000000000001;0.22210000000000002;0.203;6.9;10206.0;962556000.0;0.0;-0.43320000000000003
CEBR6;11.15;4.11;0.83;2.033;0.3494;0.595;1.35;4.42;1.43;1.59;1.5;0.4596;0.6868000000000001;0.22210000000000002;0.203;6.9;93020.0;962556000.0;0.0;-0.43320000000000003
CEDO3;5.8;-2.77;0.49;0.048;0.0;0.062;-0.68;1.1;-0.19;5.44;3.98;0.0436;-0.023;0.0733;-0.17800000000000002;0.86;163.71;117761000.0;2.11;0.174
CEDO4;3.29;-1.57;0.28;0.027;0.0;0.035;-0.39;0.62;-0.11;4.96;3.63;0.0436;-0.023;0.0733;-0.17800000000000002;0.86;13359.9;117761000.0;2.11;0.174
CEEB3;38.45;6.43;1.7;0.721;0.16440000000000002;0.393;-28.79;2.97;-0.7;6.54;5.33;0.2427;0.1121;0.14400000000000002;0.2651;0.94;6337.51;5911000000.0;2.22;0.1232
CEEB5;36.09;6.04;1.6;0.677;0.1752;0.369;-27.03;2.79;-0.66;6.36;5.18;0.2427;0.1121;0.14400000000000002;0.2651;0.94;176.05;5911000000.0;2.22;0.1232
CGAS3;119.0;8.71;15.27;0.906;0.1177;1.245;16.33;5.61;-2.31;7.65;6.5;0.16140000000000002;0.10400000000000001;0.2849;1.754;1.25;14445.4;1032750000.0;6.76;0.23079999999999998
CGAS5;129.0;9.44;16.55;0.982;0.11939999999999999;1.35;17.7;6.08;-2.51;8.12;6.9;0.16140000000000002;0.10400000000000001;0.2849;1.754;1.25;93748.4;1032750000.0;6.76;0.23079999999999998
CGRA3;28.59;4.77;0.68;0.819;0.1186;0.49;1.85;4.47;3.12;3.76;3.22;0.1833;0.17190000000000003;0.1329;0.1433;2.51;13290.0;809426000.0;0.0;0.10679999999999999
CGRA4;28.5;4.75;0.68;0.816;0.1189;0.489;1.85;4.45;3.11;3.74;3.21;0.1833;0.17190000000000003;0.1329;0.1433;2.51;123393.0;809426000.0;0.0;0.10679999999999999
CIEL3;5.26;9.1;1.31;2.295;0.0478;0.124;2.91;10.92;-63.04;7.58;5.4;0.2102;0.252;0.1377;0.1436;1.05;117085000.0;10928600000.0;0.61;-0.18780000000000002
CLSA3;5.74;-12.46;1.46;2.202;0.0;1.17;1.96;-8.02;2.14;-4.69;-5.78;-0.2746;-0.17670000000000002;-0.3513;-0.11699999999999999;5.03;2603120.0;740258000.0;0.1;0.0
CLSC3;48.15;3.53;0.63;0.18;0.0536;0.155;-9.42;2.77;-0.33;4.45;3.15;0.06509999999999999;0.051;0.0696;0.1791;0.95;8617.49;2933340000.0;0.87;0.0953
CLSC4;49.13;3.61;0.65;0.184;0.0673;0.158;-9.61;2.83;-0.34;4.51;3.19;0.06509999999999999;0.051;0.0696;0.1791;0.95;223827.0;2933340000.0;0.87;0.0953
CMIG3;15.54;9.38;1.62;0.979;0.0876;0.628;10.91;7.02;-1.83;8.37;6.77;0.13949999999999999;0.1045;0.10369999999999999;0.17309999999999998;1.27;4459220.0;21073900000.0;0.54;0.1093
CMIG4;10.74;6.48;1.12;0.677;0.1267;0.434;7.54;4.85;-1.26;6.21;5.02;0.13949999999999999;0.1045;0.10369999999999999;0.17309999999999998;1.27;117971000.0;21073900000.0;0.54;0.1093
CMIN3;5.08;9.44;2.45;2.099;0.18309999999999998;1.112;5.6;5.53;-6.89;5.85;4.89;0.38;0.2223;0.2978;0.2589;2.07;38494700.0;11393400000.0;0.74;0.0794
COCE3;57.0;6.93;1.12;0.518;0.0341;0.361;-3.38;3.66;-0.81;7.28;5.45;0.14150000000000001;0.0748;0.1137;0.16190000000000002;0.68;139.02;3956900000.0;1.18;0.1558
COCE5;43.14;5.24;0.85;0.392;0.0451;0.273;-2.56;2.77;-0.61;6.39;4.78;0.14150000000000001;0.0748;0.1137;0.16190000000000002;0.68;3472010.0;3956900000.0;1.18;0.1558
COGN3;2.2;-15.86;0.33;0.844;0.0;0.157;4.4;5.48;-0.51;13.44;7.05;0.1539;-0.0581;0.0323;-0.021;1.24;58874600.0;12389900000.0;0.66;-0.0696
CPFE3;30.65;6.99;2.29;0.893;0.1058;0.535;-33.66;3.9;-0.98;6.02;5.11;0.2291;0.1309;0.155;0.32770000000000005;0.93;60227100.0;15423700000.0;1.53;0.0941
CPLE11;34.54;21.52;0.9;0.826;0.1259;0.379;5.04;5.08;-1.06;7.51;5.59;0.1624;0.0403;0.08560000000000001;0.04190000000000001;1.54;11954800.0;20969700000.0;0.64;0.12890000000000001
CPLE3;6.36;19.81;0.83;0.76;0.1266;0.349;4.64;4.68;-0.97;7.1;5.29;0.1624;0.0403;0.08560000000000001;0.04190000000000001;1.54;7349880.0;20969700000.0;0.64;0.12890000000000001
CPLE5;25.71;80.1;3.36;3.073;0.0344;1.411;18.78;18.92;-3.94;21.34;15.9;0.1624;0.0403;0.08560000000000001;0.04190000000000001;1.54;5584.51;20969700000.0;0.64;0.12890000000000001
CPLE6;7.07;22.03;0.92;0.845;0.1253;0.388;5.16;5.2;-1.08;7.62;5.68;0.1624;0.0403;0.08560000000000001;0.04190000000000001;1.54;100269000.0;20969700000.0;0.64;0.12890000000000001
CRDE3;15.98;-5.53;0.41;5.645;0.0;0.349;10.84;-4.1;-19.57;-3.01;-3.03;-1.3762999999999999;-1.0234999999999999;-0.09630000000000001;-0.0741;1.34;378.27;94414000.0;0.0;-0.2717
CRFB3;13.13;15.89;1.36;0.268;0.025699999999999997;0.299;-6.94;5.64;-0.99;7.27;5.38;0.047599999999999996;0.0194;0.0809;0.0858;0.91;98413800.0;20270000000.0;0.94;0.16620000000000001
CRIV3;4.86;10.88;0.47;0.0;0.0;0.0;0.0;0.0;0.0;0.0;0.0;0.0;0.0;0.0;0.0433;0.0;7579.49;1061770000.0;0.0;0.0313
CRIV4;5.1;11.42;0.49;0.0;0.0929;0.0;0.0;0.0;0.0;0.0;0.0;0.0;0.0;0.0;0.0433;0.0;20944.7;1061770000.0;0.0;0.0313
CRPG5;27.4;7.51;0.87;0.871;0.17350000000000002;0.678;1.46;8.65;1.89;6.96;5.16;0.1007;0.1161;0.0969;0.1162;4.91;156170.0;911266000.0;0.01;0.1263
CRPG6;27.28;7.47;0.87;0.868;0.1743;0.675;1.46;8.62;1.88;6.92;5.13;0.1007;0.1161;0.0969;0.1162;4.91;7727.49;911266000.0;0.01;0.1263
CSAB4;50.0;21.07;2.02;84.656;0.022400000000000003;0.982;0.0;29.29;0.0;0.0;0.0;2.89;4.0183;0.0;0.096;0.0;674.73;189874000.0;0.0;-0.308
CSAN3;15.5;24.7;1.41;0.731;0.0276;0.216;2.97;5.07;-0.48;12.61;8.26;0.1442;0.071;0.049;0.056900000000000006;1.62;155787000.0;20653200000.0;2.74;0.3922
CSED3;3.13;24.8;0.81;0.588;0.042699999999999995;0.246;2.15;3.58;-0.55;4.02;2.4;0.16440000000000002;0.023700000000000002;0.08650000000000001;0.032799999999999996;1.84;2302170.0;1439340000.0;0.75;0.1024
CSMG3;15.19;9.03;0.8;0.94;0.0253;0.463;889.45;5.12;-1.69;7.81;4.62;0.1834;0.10400000000000001;0.0955;0.0889;1.0;24582700.0;7191000000.0;0.48;0.0721
CSNA3;17.99;15.35;1.22;0.538;0.13449999999999998;0.279;2.93;2.37;-0.72;5.1;3.97;0.2267;0.0489;0.154;0.0797;1.36;138351000.0;19489500000.0;2.1;0.21530000000000002
CSRN3;27.36;7.91;3.27;1.298;0.1467;0.873;74.17;5.04;-1.74;7.41;6.35;0.2576;0.16390000000000002;0.19149999999999998;0.41350000000000003;1.05;4055.85;1405000000.0;1.73;0.1166
CSRN5;24.06;6.96;2.88;1.141;0.18359999999999999;0.768;65.22;4.43;-1.53;6.8;5.83;0.2576;0.16390000000000002;0.19149999999999998;0.41350000000000003;1.05;1161.66;1405000000.0;1.73;0.1166
CSRN6;24.3;7.03;2.91;1.152;0.18170000000000003;0.775;65.87;4.47;-1.55;6.85;5.87;0.2576;0.16390000000000002;0.19149999999999998;0.41350000000000003;1.05;789.88;1405000000.0;1.73;0.1166
CSUD3;10.0;6.12;1.15;0.793;0.0933;0.708;19.39;4.13;-8.53;4.15;2.58;0.1918;0.12960000000000002;0.2152;0.1883;1.14;865710.0;362819000.0;0.24;0.054299999999999994
CTNM3;4.11;-0.41;0.25;0.071;0.0;0.033;-5.32;-0.99;-0.09;-9.47;-69.0;-0.0712;-0.2995;-0.04019999999999999;-0.6074;0.98;147.81;504079000.0;2.75;-0.011000000000000001
CTNM4;1.42;-0.14;0.09;0.024;0.0;0.012;-1.84;-0.34;-0.03;-8.82;-64.27;-0.0712;-0.2995;-0.04019999999999999;-0.6074;0.98;24061.9;504079000.0;2.75;-0.011000000000000001
CTSA3;1.81;-1.46;0.18;0.104;0.1199;0.081;-1.4;-6.14;-0.34;-21.79;64.23;-0.0169;-0.0712;-0.015600000000000001;-0.1234;0.84;7688.15;279573000.0;0.59;0.0535
CTSA4;1.39;-1.12;0.14;0.08;0.1718;0.063;-1.08;-4.72;-0.26;-20.36;60.02;-0.0169;-0.0712;-0.015600000000000001;-0.1234;0.84;13447.4;279573000.0;0.59;0.0535
CURY3;12.43;10.61;4.91;1.673;0.0581;1.303;3.48;7.82;29.9;7.43;7.63;0.214;0.1609;0.2268;0.46299999999999997;2.05;16684400.0;738300000.0;0.62;0.3615
CVCB3;3.8;-2.18;2.53;0.868;0.0;0.234;-1.13;-8.79;-0.68;-11.19;14.8;-0.0987;-0.3973;-0.0374;-1.1629;0.73;80481900.0;416109000.0;2.22;-0.132
CXSE3;8.52;8.66;2.35;0.0;0.0761;2.183;30.08;-254.83;30.18;-245.68;-245.71;0.0;0.0;-0.009300000000000001;0.2712;2.04;14197900.0;10889100000.0;0.0;0.0
CYRE3;15.96;7.79;0.95;1.191;0.0354;0.407;1.29;8.95;-26.02;11.39;10.24;0.133;0.1591;0.0558;0.1216;2.59;110845000.0;6732790000.0;0.65;0.1671
DASA3;8.3;-13.59;0.63;0.368;0.0118;0.184;4.06;6.59;-0.42;17.78;6.85;0.0559;-0.0271;0.0322;-0.0462;1.2;2843230.0;7352800000.0;1.36;0.3766
DESK3;8.9;16.75;0.84;1.221;4.9838;0.321;9.48;4.89;-0.74;8.53;5.21;0.2494;0.08529999999999999;0.077;0.050300000000000004;1.23;1423830.0;920907000.0;0.95;0.0
DEXP3;7.51;5.29;1.27;0.324;0.0512;0.545;1.26;3.52;3.36;4.29;3.81;0.09210000000000002;0.0735;0.1873;0.2403;2.99;900988.0;555602000.0;0.57;0.345
DEXP4;6.71;4.72;1.14;0.29;0.0605;0.487;1.13;3.14;3.0;3.91;3.47;0.09210000000000002;0.0735;0.1873;0.2403;2.99;49228.9;555602000.0;0.57;0.345
DIRR3;15.53;13.2;1.72;1.101;0.0753;0.375;0.95;5.84;-1.67;6.66;5.86;0.1886;0.1158;0.081;0.13;3.92;28586700.0;1358120000.0;1.11;0.19269999999999998
DMFN3;14.61;3.63;0.96;0.0;0.0;0.0;0.0;0.0;0.0;0.0;0.0;0.0;0.0;0.0;0.2638;0.0;4033.95;13938000.0;0.0;-0.17600000000000002
DMVF3;3.51;7.61;0.21;0.127;0.0;0.123;2.66;1.46;-0.88;1.26;0.7;0.08710000000000001;0.0167;0.1024;0.0276;1.2;178218.0;846554000.0;0.03;0.2918
DOHL4;4.13;14.47;0.44;0.488;0.032;0.323;0.75;30.59;1.21;35.46;13.14;0.0159;0.0337;0.011399999999999999;0.0305;5.08;6649.32;708641000.0;0.13;0.096
DXCO3;6.48;7.18;0.92;0.639;0.045899999999999996;0.347;2.84;3.84;-1.21;6.55;4.1;0.1664;0.0901;0.1119;0.12869999999999998;1.58;35892700.0;5872340000.0;0.95;0.1697
EALT3;8.09;4.21;0.89;0.374;0.0337;0.348;-14.38;3.38;-1.54;5.57;4.3;0.1108;0.0888;0.1137;0.21109999999999998;0.94;2835.2;204685000.0;0.63;0.1765
EALT4;7.18;3.74;0.79;0.332;0.0418;0.309;-12.76;3.0;-1.37;5.19;4.01;0.1108;0.0888;0.1137;0.21109999999999998;0.94;129823.0;204685000.0;0.63;0.1765
ECOR3;4.5;20.81;1.39;0.577;0.0017000000000000001;0.174;-4.54;2.37;-0.25;9.57;6.59;0.2433;0.024;0.0866;0.0668;0.81;21736300.0;2253490000.0;5.34;0.1365
EGIE3;40.4;12.38;3.91;2.769;0.0546;0.863;22.15;6.31;-1.47;9.21;7.74;0.4387;0.2238;0.1475;0.3157;1.25;71854600.0;8436520000.0;2.06;0.0889
EKTR3;39.0;7.66;2.64;0.901;0.1813;0.761;14.53;4.03;-1.76;6.41;5.49;0.2238;0.1175;0.2177;0.3442;1.23;989.39;2865000000.0;1.75;0.0851
EKTR4;37.89;7.45;2.56;0.875;0.2053;0.74;14.12;3.91;-1.71;6.29;5.39;0.2238;0.1175;0.2177;0.3442;1.23;10982.1;2865000000.0;1.75;0.0851
ELET3;33.07;16.21;0.68;2.026;0.0152;0.286;4.04;11.96;-0.68;17.6;12.26;0.16940000000000002;0.1258;0.026099999999999998;0.0421;1.76;396482000.0;111495000000.0;0.5;0.049800000000000004
ELET5;65.0;31.87;1.34;3.982;0.0;0.561;7.95;23.51;-1.35;29.14;20.3;0.16940000000000002;0.1258;0.026099999999999998;0.0421;1.76;1103.56;111495000000.0;0.5;0.049800000000000004
ELET6;34.89;17.11;0.72;2.138;0.0301;0.301;4.27;12.62;-0.72;18.26;12.72;0.16940000000000002;0.1258;0.026099999999999998;0.0421;1.76;97091900.0;111495000000.0;0.5;0.049800000000000004
ELMD3;15.21;-259.68;2.88;3.043;0.0;1.067;-10.61;24.46;-2.83;30.64;14.0;0.1244;0.0024;0.0504;-0.0111;0.64;8056340.0;739445000.0;0.91;1.011
EMAE4;47.5;16.85;1.89;3.283;0.018600000000000002;0.929;3.46;424.93;-5.13;330.5;137.85;0.0077;0.1948;0.0028000000000000004;0.11230000000000001;5.49;240879.0;927120000.0;0.0;0.1894
EMBR3;18.15;-12.66;1.01;0.663;0.0;0.25;1.02;8.76;-1.52;13.86;8.39;0.0756;-0.056799999999999996;0.038;-0.07980000000000001;1.77;118238000.0;13311700000.0;1.27;0.1017
ENAT3;12.68;8.79;0.82;1.549;0.13470000000000001;0.407;2.72;3.77;-2.79;3.52;2.56;0.41090000000000004;0.17620000000000002;0.18280000000000002;0.0933;1.72;16180700.0;4109820000.0;0.54;0.28300000000000003
ENBR3;22.24;12.65;1.21;0.748;0.1149;0.349;11.22;2.97;-0.87;5.22;4.43;0.2521;0.0701;0.1391;0.09519999999999999;1.13;99113400.0;10725900000.0;1.31;0.0683
ENEV3;11.84;17.71;1.35;3.415;0.0;0.581;2.8;14.85;-2.79;19.34;13.04;0.2299;0.19260000000000002;0.056799999999999996;0.0764;2.34;138810000.0;13871700000.0;1.05;0.1653
ENGI11;39.81;6.92;1.39;0.595;0.0291;0.272;5.74;2.66;-0.52;6.25;5.16;0.2235;0.09630000000000001;0.1173;0.2011;1.22;105426000.0;11665100000.0;2.37;0.1568
ENGI3;12.75;11.08;2.23;0.953;0.0182;0.436;9.2;4.27;-0.83;7.85;6.48;0.2235;0.09630000000000001;0.1173;0.2011;1.22;230392.0;11665100000.0;2.37;0.1568
ENGI4;7.55;6.56;1.32;0.564;0.030699999999999998;0.258;5.45;2.53;-0.49;6.11;5.05;0.2235;0.09630000000000001;0.1173;0.2011;1.22;242854.0;11665100000.0;2.37;0.1568
ENJU3;0.89;-1.91;0.46;1.328;0.0;0.408;0.55;-1.57;0.57;1.33;1.55;-0.8432999999999999;-0.6936;-1.2365000000000002;-0.2427;8.04;892057.0;383688000.0;0.0;0.2758
ENMT3;79.2;14.31;5.11;2.324;0.0447;1.48;29.45;8.86;-3.43;10.96;9.76;0.2622;0.1624;0.1838;0.3568;1.22;15106.1;3395870000.0;1.39;0.1606
ENMT4;82.5;14.91;5.32;2.421;0.0429;1.542;30.68;9.23;-3.57;11.33;10.09;0.2622;0.1624;0.1838;0.3568;1.22;2504.76;3395870000.0;1.39;0.1606
EPAR3;9.89;2.44;1.57;0.13;0.0;0.548;1.85;2.02;4.72;2.44;2.15;0.0642;0.053200000000000004;0.40159999999999996;0.6456000000000001;1.63;12597.1;93395000.0;0.71;0.43329999999999996
EQMA3B;23.01;6.36;1.19;0.744;0.0882;0.477;5.75;3.29;-1.61;4.51;3.76;0.22579999999999997;0.11689999999999999;0.17300000000000001;0.18780000000000002;1.37;2382.95;3161970000.0;0.69;0.0955
EQPA3;5.83;9.31;2.96;1.49;0.1515;1.013;7.65;5.5;-3.51;6.49;5.56;0.2708;0.16010000000000002;0.2378;0.318;1.56;38159.1;4349990000.0;0.97;0.1306
EQPA7;8.0;12.78;4.06;2.045;0.1104;1.391;10.5;7.55;-4.82;8.53;7.32;0.2708;0.16010000000000002;0.2378;0.318;1.56;3590.24;4349990000.0;0.97;0.1306
EQTL3;26.05;12.6;1.81;1.079;0.0246;0.415;4.58;4.74;-0.86;8.5;7.19;0.22769999999999999;0.1018;0.1032;0.1434;1.54;183364000.0;16283100000.0;1.91;0.25489999999999996
ESPA3;1.25;-44.92;0.66;0.553;0.0;0.217;1.56;9.28;-0.69;25.92;10.12;0.059500000000000004;-0.0165;0.0245;-0.0147;1.65;4681190.0;684239000.0;1.29;0.0843
ETER3;10.33;4.64;0.94;0.537;0.0971;0.522;1.48;3.97;3.77;3.8;3.34;0.1353;0.11599999999999999;0.15380000000000002;0.20350000000000001;2.52;7545260.0;676188000.0;0.13;0.2737
EUCA3;9.7;2.46;0.44;0.348;0.07400000000000001;0.244;1.52;2.03;-3.68;3.15;2.33;0.17129999999999998;0.1177;0.1336;0.1772;1.75;153006.0;2062360000.0;0.3;0.2087
EUCA4;10.43;2.64;0.47;0.374;0.0758;0.262;1.64;2.19;-3.95;3.3;2.45;0.17129999999999998;0.1177;0.1336;0.1772;1.75;1060900.0;2062360000.0;0.3;0.2087
EVEN3;4.82;7.0;0.53;0.432;0.0311;0.158;0.37;4.01;1.06;2.98;2.87;0.10779999999999999;0.1051;0.0453;0.0754;2.48;4636230.0;1936160000.0;0.24;0.115
EZTC3;13.48;8.15;0.67;3.019;0.058899999999999994;0.54;1.53;17.6;2.11;15.17;14.29;0.17149999999999999;0.3912;0.0371;0.0818;5.47;36303000.0;4470660000.0;0.11;0.3057
FESA3;58.46;4.86;1.7;1.645;0.0836;1.269;4.34;4.24;7.72;3.8;3.33;0.3882;0.3385;0.3969;0.34950000000000003;3.35;2972.51;3039680000.0;0.11;0.2544
FESA4;53.62;4.46;1.56;1.509;0.1003;1.164;3.98;3.89;7.08;3.45;3.02;0.3882;0.3385;0.3969;0.34950000000000003;3.35;10647400.0;3039680000.0;0.11;0.2544
FHER3;16.94;2.6;2.06;0.158;0.0;0.298;1.08;2.25;-3.03;2.72;2.53;0.0701;0.0608;0.19399999999999998;0.7953;1.57;1283060.0;442020000.0;0.5;0.15689999999999998
FIQE3;3.4;10.2;1.24;1.95;0.0246;0.648;3.15;7.68;-8.83;6.19;3.23;0.2539;0.1913;0.1322;0.12140000000000001;2.05;957894.0;994630000.0;0.38;0.0
FLRY3;14.67;15.49;2.81;1.234;0.0593;0.794;10.68;7.25;-1.78;11.08;6.96;0.17010000000000003;0.08;0.13;0.1816;1.38;39624400.0;1914900000.0;1.89;0.1422
FRAS3;10.4;13.71;1.59;0.918;0.0336;0.746;1.97;7.01;9.3;6.66;5.12;0.1311;0.0665;0.17300000000000001;0.1161;2.66;3419950.0;1763900000.0;0.52;0.2981
GEPA3;24.39;15.47;1.12;1.702;0.0983;0.613;-5.03;6.55;-1.73;8.78;5.73;0.2597;0.11;0.1125;0.0722;0.44;1109.24;2063530000.0;0.46;-0.0039000000000000003
GEPA4;25.3;16.05;1.16;1.765;0.09480000000000001;0.636;-5.22;6.8;-1.8;9.03;5.89;0.2597;0.11;0.1125;0.0722;0.44;15603.7;2063530000.0;0.46;-0.0039000000000000003
GFSA3;8.27;-13.87;0.24;0.41;0.0;0.072;0.22;-50.18;-3.43;-244.6;85.8;-0.008199999999999999;-0.029900000000000003;-0.0016;-0.0175;1.93;60277200.0;1741480000.0;1.28;0.11689999999999999
GGBR3;24.65;3.61;0.89;0.501;0.14300000000000002;0.559;2.32;2.49;10.98;2.92;2.49;0.201;0.1393;0.2683;0.24780000000000002;2.32;960104.0;46116200000.0;0.27;0.2021
GGBR4;28.62;4.19;1.04;0.581;0.1232;0.649;2.69;2.89;12.75;3.32;2.83;0.201;0.1393;0.2683;0.24780000000000002;2.32;317168000.0;46116200000.0;0.27;0.2021
GGPS3;12.59;16.32;3.25;0.915;0.0;0.937;2.6;9.42;-6.99;10.09;8.31;0.0971;0.056100000000000004;0.145;0.19949999999999998;2.65;30438300.0;2590380000.0;1.27;0.36579999999999996
GMAT3;5.37;11.27;1.59;0.545;0.0;0.894;1.96;9.99;3.85;11.14;8.73;0.0546;0.0489;0.12560000000000002;0.1412;3.2;38557300.0;7455610000.0;0.42;0.3823
GOAU3;11.85;3.27;0.74;0.149;0.0999;0.164;0.65;0.74;2.58;1.12;0.95;0.20079999999999998;0.1391;0.26780000000000004;0.2275;2.39;1880380.0;16456600000.0;0.77;0.2021
GOAU4;12.71;3.51;0.8;0.159;0.0931;0.176;0.7;0.79;2.77;1.17;1.0;0.20079999999999998;0.1391;0.26780000000000004;0.2275;2.39;92627200.0;16456600000.0;0.77;0.2021
GPAR3;45.0;4.13;3.0;18.512;0.5051;2.731;5.06;69.18;5.24;54.45;53.76;0.2676;4.4828;0.0947;0.7259;8.74;1402.51;1169910000.0;0.0;-0.0329
GPIV33;2.49;-0.49;0.12;-0.424;0.0;0.062;0.38;-0.31;-314.59;0.51;0.51;1.3835;1.3605;-0.25780000000000003;-0.2541;3.41;66182.7;1582410000.0;0.1;1.2397
GRND3;7.49;11.9;1.55;2.689;0.0408;1.401;2.64;23.75;2.69;20.13;15.23;0.11320000000000001;0.2261;0.07980000000000001;0.13019999999999998;7.28;12119600.0;4364130000.0;0.03;0.0275
GUAR3;4.74;45.52;0.45;0.28;0.0296;0.155;0.61;8.8;9.67;14.98;4.64;0.0318;0.0060999999999999995;0.0227;0.009899999999999999;1.62;13292300.0;5263090000.0;0.78;0.024900000000000002
HAPV3;2.92;-26.89;0.43;0.878;0.0;0.285;45.61;-29.47;-1.26;-39.53;18.91;-0.0298;-0.0327;-0.0104;-0.0159;1.06;356162000.0;48749400000.0;0.24;0.4704
HBOR3;2.1;5.22;0.21;0.332;0.0861;0.055;0.14;5.54;-10.61;31.36;21.71;0.0599;0.1033;0.010700000000000001;0.0395;2.95;1976450.0;1361990000.0;1.19;0.16210000000000002
HBRE3;4.24;2.44;0.23;3.296;0.0;0.109;2.7;1.26;-0.36;3.42;3.41;2.6228;1.5795;0.0947;0.0953;1.6;376346.0;1885330000.0;0.58;0.6626000000000001
HBSA3;1.96;-38.1;1.02;0.991;0.0;0.223;1.77;8.5;-0.39;31.11;10.3;0.1165;-0.026000000000000002;0.030699999999999998;-0.0268;2.36;10084300.0;1461770000.0;3.28;0.18989999999999999
HBTS5;27.0;22.26;0.49;1.512;0.042800000000000005;0.177;6.17;3.63;-0.33;6.52;6.4;0.4163;0.0678;0.051100000000000007;0.0222;1.35;998.02;499826000.0;0.51;1.0443
HYPE3;42.32;15.8;2.52;3.552;0.0291;1.128;8.11;10.89;-5.87;13.63;12.75;0.32630000000000003;0.22510000000000002;0.12029999999999999;0.1594;1.63;175728000.0;10645800000.0;0.9;0.2216
IFCM3;2.67;-4.48;0.64;1.228;0.0;0.293;6.39;-13.13;-1.48;-17.49;34.49;-0.0935;-0.2741;-0.0301;-0.1438;1.15;1761030.0;1515790000.0;0.39;0.0
IGTI11;19.27;765.36;1.42;5.699;0.0123;0.72;12.35;12.72;-3.28;15.51;11.49;0.4482;0.0126;0.0735;0.0018;1.27;55821800.0;4093330000.0;0.76;0.0843
IGTI3;2.51;697.84;1.29;5.196;0.0134;0.656;11.26;11.59;-2.99;14.38;10.66;0.4482;0.0126;0.0735;0.0018;1.27;266207.0;4093330000.0;0.76;0.0843
INTB3;29.37;20.03;4.31;2.273;0.0124;1.929;4.64;20.68;8.89;19.69;17.12;0.1099;0.11320000000000001;0.192;0.21530000000000002;2.19;32985100.0;2231040000.0;0.49;0.36469999999999997
IRBR3;19.71;-2.57;0.4;0.23;0.0;0.071;0.0;-0.9;0.0;0.0;0.0;-0.2547;-0.0894;0.0;-0.1547;0.0;63568400.0;4073510000.0;0.0;-0.4819
ITSA3;8.45;5.67;1.16;9.361;0.054299999999999994;0.854;25.76;63.25;-7.99;68.95;42.49;0.14800000000000002;1.733;0.0147;0.2043;1.4;1540080.0;70827000000.0;0.2;0.1537
ITSA4;8.3;5.57;1.14;9.195;0.0553;0.839;25.31;62.13;-7.85;67.83;41.8;0.14800000000000002;1.733;0.0147;0.2043;1.4;175961000.0;70827000000.0;0.2;0.1537
ITUB3;21.6;7.13;1.31;0.0;0.04650000000000001;0.0;0.0;0.0;0.0;0.0;0.0;0.0;0.0;0.0;0.1832;0.0;14366300.0;162100000000.0;0.0;-0.36979999999999996
ITUB4;25.14;8.3;1.52;0.0;0.04;0.0;0.0;0.0;0.0;0.0;0.0;0.0;0.0;0.0;0.1832;0.0;900209000.0;162100000000.0;0.0;-0.36979999999999996
JALL3;7.59;2.6;1.05;1.233;0.023399999999999997;0.38;1.64;7.99;-1.34;15.41;4.95;0.15439999999999998;0.4747;0.0587;0.4053;2.86;5764210.0;2125260000.0;1.45;0.30469999999999997
JBSS3;19.86;2.25;0.99;0.116;0.1013;0.214;1.67;1.42;-0.59;3.91;2.98;0.08199999999999999;0.0541;0.1975;0.4422;1.46;199939000.0;44282100000.0;2.14;0.2274
JHSF3;4.41;3.71;0.6;1.513;0.0327;0.306;1.39;3.23;-1.73;5.26;4.96;0.46840000000000004;0.4052;0.1038;0.1623;3.51;12879500.0;4970930000.0;0.55;0.5257999999999999
JOPA3;21.61;7.11;0.4;0.105;0.0383;0.091;0.25;1.93;1.85;7.27;6.38;0.0546;0.0179;0.07339999999999999;0.056299999999999996;1.93;27623.4;571085000.0;2.35;0.2003
JPSA3;29.02;20.27;1.93;4.667;0.0029;0.468;2.34;12.96;-1.68;20.35;12.83;0.3602;0.4631;0.045599999999999995;0.0951;5.31;7666510.0;1762140000.0;1.94;0.0101
JSLG3;7.49;11.05;1.52;0.356;0.0604;0.26;3.31;3.15;-0.49;8.88;6.09;0.113;0.0322;0.1011;0.1374;1.37;3273870.0;1413710000.0;3.37;-0.1306
KEPL3;20.31;4.77;3.06;1.005;0.09880000000000001;1.433;5.39;3.68;7.73;3.34;3.15;0.2734;0.2107;0.5735;0.6404000000000001;1.59;15139200.0;597270000.0;0.29;0.3549
KLBN11;19.7;4.72;2.32;1.105;0.0751;0.465;3.66;3.37;-0.94;6.58;4.44;0.3276;0.24559999999999998;0.1721;0.49079999999999996;1.94;132335000.0;9559480000.0;2.88;0.2043
KLBN3;3.98;4.77;2.34;1.116;0.07429999999999999;0.47;3.7;3.41;-0.95;6.61;4.46;0.3276;0.24559999999999998;0.1721;0.49079999999999996;1.94;2962910.0;9559480000.0;2.88;0.2043
KLBN4;3.94;4.72;2.32;1.105;0.0751;0.465;3.66;3.37;-0.94;6.58;4.44;0.3276;0.24559999999999998;0.1721;0.49079999999999996;1.94;16140700.0;9559480000.0;2.88;0.2043
KRSA3;0.94;-5.94;0.61;0.378;0.0;0.15;1.56;3.53;-0.35;13.45;8.83;0.107;-0.0574;0.0484;-0.1027;1.46;495808.0;1192960000.0;2.08;0.0
LAVV3;5.4;9.38;0.92;1.94;0.1142;0.559;0.91;11.99;1.28;7.72;7.64;0.1618;0.2357;0.060700000000000004;0.0981;4.53;2355260.0;1171690000.0;0.04;0.4457
LEVE3;31.89;7.14;2.48;1.01;0.1409;1.302;4.25;5.96;8.83;6.14;5.38;0.1696;0.1409;0.278;0.3478;1.96;7185280.0;1647100000.0;0.25;0.13369999999999999
LIGT3;2.67;-9.41;0.12;0.069;0.095;0.036;0.42;0.61;-0.09;5.68;3.93;0.11259999999999999;-0.0073;0.0722;-0.0123;1.41;25666000.0;8557000000.0;1.44;0.046
LIPR3;70.0;30.74;3.83;0.0;0.026000000000000002;3.233;23.34;-140.92;33.85;-129.98;-129.98;0.0;0.0;-0.030600000000000002;0.1246;2.23;2381.37;215087000.0;0.0;0.0
LJQQ3;4.2;280.33;1.51;0.348;0.0;0.278;0.89;7.72;-1.77;6.93;3.5;0.0451;0.0012;0.0482;0.0054;1.91;19156000.0;520369000.0;0.65;0.1463
LOGG3;14.45;3.82;0.41;6.796;0.0635;0.24;8.76;9.05;-0.8;18.09;17.91;0.7513;1.8446;0.0281;0.10769999999999999;1.35;7477400.0;3584650000.0;0.49;0.1748
LOGN3;34.0;8.9;4.13;1.751;0.0;1.05;9.36;10.94;-2.4;13.78;8.99;0.16010000000000002;0.1968;0.1201;0.4645;1.57;3543460.0;875514000.0;1.74;0.195
LPSB3;1.7;19.71;1.27;1.254;0.044500000000000005;0.618;6.04;9.16;-2.63;6.91;4.51;0.1368;0.1476;0.08130000000000001;0.0646;1.58;347292.0;196834000.0;0.0;0.2059
LREN3;19.6;14.84;1.9;1.445;0.0344;0.907;3.17;6.64;9.62;6.26;4.6;0.21739999999999998;0.0973;0.18100000000000002;0.1281;1.86;304299000.0;10087500000.0;0.24;0.1058
LUPA3;5.32;-6.0;1.45;1.428;0.0;0.327;1.23;-16.83;-1.08;-30.41;-72.22;-0.0848;-0.2378;-0.0207;-0.2418;2.28;14001000.0;113746000.0;1.28;-0.034300000000000004
LUXM4;81.4;50.04;3.92;3.091;0.0086;2.763;-811.81;20.42;-19.73;20.35;11.62;0.15130000000000002;0.061799999999999994;0.1509;0.0784;0.98;33339.4;107812000.0;0.1;0.0219
LVTC3;5.8;16.19;0.58;0.35;0.03;0.229;0.74;1.63;-6.08;0.97;0.56;0.215;0.0216;0.17129999999999998;0.0358;2.2;1373090.0;647794000.0;0.0;0.2212
LWSA3;5.32;753.23;1.07;2.923;0.0;0.684;2.85;111.81;7.27;64.36;14.14;0.026099999999999998;0.0039000000000000003;0.009000000000000001;0.0014000000000000002;2.12;48575800.0;2959840000.0;0.03;0.5447
MATD3;8.63;29.69;2.01;2.144;0.0104;0.684;4.29;10.48;-1.74;12.83;10.4;0.2046;0.08349999999999999;0.0747;0.0678;2.75;4336660.0;1639180000.0;0.75;0.0
MBLY3;3.0;-3.56;0.56;0.49;0.0;0.36;0.9;-3.36;1.58;-2.9;-9.34;-0.1458;-0.1375;-0.16399999999999998;-0.15710000000000002;3.13;3167650.0;570425000.0;0.31;-0.08650000000000001
MDIA3;31.92;17.53;1.64;1.136;0.0063;0.968;4.42;14.41;61.69;16.58;11.74;0.0788;0.06480000000000001;0.07780000000000001;0.09359999999999999;2.06;49422300.0;6592030000.0;0.31;0.12689999999999999
MDNE3;5.5;4.41;0.4;0.584;0.0;0.166;0.68;4.02;-0.81;2.91;2.79;0.1454;0.13140000000000002;0.04650000000000001;0.08960000000000001;2.78;864170.0;1181740000.0;0.11;0.2232
MEAL3;2.09;-6.53;0.56;0.26;0.0;0.213;-4.17;-17.04;-0.53;-25.33;14.25;-0.015300000000000001;-0.039900000000000005;-0.0148;-0.08650000000000001;0.81;2230300.0;1059710000.0;0.52;0.0843
MEGA3;8.65;-488.98;1.05;2.211;0.0;0.319;-39.6;10.26;-0.62;23.63;13.27;0.2155;-0.0033;0.0346;-0.0021;0.96;11303700.0;5151090000.0;1.65;9.2252
MELK3;3.05;5.71;0.53;0.601;0.0698;0.289;0.7;5.63;0.92;3.85;3.7;0.10679999999999999;0.13470000000000001;0.061900000000000004;0.0926;2.31;1025330.0;1198550000.0;0.11;0.5444
MERC4;7.51;-23.15;0.54;0.0;0.0;0.0;0.0;0.0;0.0;0.0;0.0;0.0;0.0;0.0;-0.0232;0.0;2997.61;251287000.0;0.0;-0.24969999999999998
MGLU3;3.43;-62.55;2.14;0.652;0.0;0.643;3.06;26.96;-5.2;32.83;14.89;0.0242;-0.0104;0.034;-0.034300000000000004;1.58;598271000.0;10805300000.0;0.66;0.27940000000000004
MILS3;11.49;13.07;2.29;2.591;0.022799999999999997;1.093;3.7;8.33;-16.94;8.85;5.93;0.311;0.19820000000000002;0.2168;0.175;2.84;10057800.0;1237200000.0;0.79;0.36
MLAS3;2.47;4.52;0.48;0.496;0.049800000000000004;0.294;0.52;-19.16;0.7;-23.35;-51.3;-0.0259;0.1097;-0.0192;0.10529999999999999;3.34;7570240.0;4258810000.0;0.22;0.0
MOAR3;455.0;52.78;6.74;121178.0;0.018799999999999997;2.727;9.96;-158.5;-15.1;-160.44;-163.68;-764.543;2296.02;-0.028900000000000002;0.1277;2.94;106674.0;827321000.0;1.08;-0.532
MODL3;1.77;43.75;0.99;0.0;0.0677;0.0;0.0;0.0;0.0;0.0;0.0;0.0;0.0;0.0;0.0227;0.0;7940770.0;1252920000.0;0.0;0.4437
MOVI3;7.98;5.2;1.04;0.301;0.1815;0.11;0.82;1.09;-0.21;5.21;3.65;0.2757;0.057999999999999996;0.1547;0.201;1.6;30994400.0;2768680000.0;6.4;0.34850000000000003
MRSA5B;27.0;13.18;1.68;1.769;0.0191;0.632;-95.16;6.17;-1.39;8.2;4.69;0.2867;0.13419999999999999;0.11789999999999999;0.12710000000000002;0.96;65.85;5477760000.0;0.82;0.0974
MRVE3;5.96;-14.24;0.49;0.435;0.0663;0.128;0.55;87.15;-0.5;289.51;45.73;0.005;-0.0225;0.0016;-0.0348;2.03;84449400.0;5827440000.0;1.27;0.0582
MSPA3;46.25;-9.18;0.37;1.574;0.0;0.209;8.3;-15.18;-0.59;-20.67;209.0;-0.10369999999999999;-0.1714;-0.0143;-0.0403;1.48;451.22;800313000.0;0.18;0.0805
MTRE3;3.7;10.73;0.39;0.588;0.0613;0.191;0.4;10.22;0.86;14.3;12.73;0.0575;0.0593;0.0227;0.0366;2.92;2216330.0;995189000.0;0.47;0.3257
MTSA4;41.89;4.48;0.99;0.475;0.0633;0.646;1.34;3.28;1.39;2.85;2.63;0.1449;0.10619999999999999;0.2748;0.22089999999999999;2.46;58328.6;372456000.0;0.18;0.31629999999999997
MULT3;25.24;19.71;2.3;8.435;0.028399999999999998;1.394;31.31;13.15;-6.03;14.83;12.58;0.6414;0.428;0.11869999999999999;0.11689999999999999;1.37;122050000.0;6582340000.0;0.45;0.0776
MYPK3;11.53;3.45;0.43;0.107;0.0722;0.117;0.6;1.57;-0.64;5.66;3.9;0.0679;0.0366;0.10039999999999999;0.1257;1.58;17686200.0;4089830000.0;1.52;0.1532
NEOE3;14.38;3.7;0.65;0.408;0.064;0.189;5.5;1.74;-0.4;5.39;4.39;0.2343;0.1119;0.12359999999999999;0.1764;1.17;19364300.0;26739000000.0;1.63;0.1522
NEXP3;5.43;-0.23;0.71;0.121;0.0;0.057;-0.4;-0.39;-0.09;-1.14;-1.63;-0.3139;-0.5166;-0.1753;-3.0263999999999998;0.68;135627.0;20281000.0;2.87;0.037200000000000004
NGRD3;1.19;19.96;0.62;1.069;0.0125;0.401;1.43;87.77;4.06;34.41;3.52;0.012199999999999999;0.049400000000000006;0.0072;0.0311;2.64;920272.0;457956000.0;0.15;0.0933
NINJ3;2.68;-6.09;0.49;2.289;0.0;0.448;0.51;-2.6;0.52;2.75;2.79;-0.8815999999999999;-0.376;-3.6626999999999996;-0.0797;13.24;269737.0;277516000.0;0.0;0.0
NTCO3;15.45;-16.77;0.93;0.568;0.0085;0.392;6.32;15.58;-1.35;22.19;7.59;0.0365;-0.0339;0.0313;-0.0554;1.27;214787000.0;22985000000.0;0.6;-0.0227
NUTR3;300.0;4.63;1.36;0.229;0.0;0.383;1.08;3.54;147.76;4.72;4.5;0.0649;0.0495;0.1288;0.2944;1.96;1463.41;29036000.0;0.51;0.3778
ODPV3;11.71;14.72;5.62;3.499;0.0262;3.296;-30.42;10.09;-19.85;9.74;9.29;0.3467;0.2373;0.37450000000000006;0.38189999999999996;0.7;32770100.0;1184160000.0;0.0;0.0382
OFSA3;26.0;10.74;1.91;1.347;0.026000000000000002;1.042;2.4;8.05;6.04;9.47;8.0;0.1674;0.1255;0.159;0.1775;3.25;289798.0;735950000.0;0.56;0.16390000000000002
ONCO3;7.22;-373.72;1.77;0.982;0.0;0.491;5.8;10.34;-1.36;17.27;11.63;0.0949;0.0109;0.0557;-0.004699999999999999;1.42;10552900.0;2014190000.0;1.48;0.0
OPCT3;2.89;0.0;0.77;0.0;0.0;0.258;-4.98;0.0;-0.56;0.0;0.0;0.0;0.0;0.0;0.0;0.8;1169690.0;751063000.0;1.55;0.0
ORVR3;39.22;-49.85;7.62;5.226;0.0;1.863;42.56;32.2;-3.56;38.15;17.82;0.1623;-0.08960000000000001;0.061500000000000006;-0.15289999999999998;1.25;12794400.0;412995000.0;1.48;0.5721
PARD3;19.76;15.12;2.7;1.251;0.0323;1.083;309.48;7.98;-3.66;8.53;5.92;0.1567;0.083;0.15869999999999998;0.1788;1.01;7194220.0;957428000.0;0.34;0.16510000000000002
PATI3;50.6;21.74;1.44;0.519;0.0575;0.637;1.19;22.53;2.35;22.93;18.96;0.0231;0.0239;0.052199999999999996;0.0663;2.83;2002.05;840373000.0;0.74;0.2836
PCAR3;14.79;-23.23;0.35;0.231;0.0239;0.091;0.37;3.98;-2.58;6.08;3.01;0.057999999999999996;-0.0002;0.027200000000000002;-0.0149;1.61;77793200.0;11545000000.0;0.51;-0.1971
PDTC3;2.45;86.58;1.47;0.536;0.0;0.397;1.17;14.01;-24.28;19.17;8.55;0.0383;0.0062;0.0364;0.017;1.9;86546.7;130596000.0;0.9;1.0277
PEAB3;35.0;-4.01;0.66;12.017;0.0495;0.559;2.03;-71.53;4.02;-50.54;-110.15;-0.168;-2.9863999999999997;-0.0103;-0.16519999999999999;14.2;2869.24;678038000.0;0.09;-0.5186
PEAB4;65.0;-7.46;1.23;22.317;0.029300000000000003;1.038;3.76;-132.83;7.47;-111.84;-243.77;-0.168;-2.9863999999999997;-0.0103;-0.16519999999999999;14.2;2985.39;678038000.0;0.09;-0.5186
PETR3;28.96;2.01;1.04;0.589;0.578;0.387;-556.35;1.25;-0.84;2.0;1.6;0.4706;0.29469999999999996;0.3383;0.5194;1.0;395030000.0;362594000000.0;0.77;0.1754
PETR4;25.42;1.76;0.91;0.517;0.6585;0.339;-488.34;1.1;-0.74;1.84;1.48;0.4706;0.29469999999999996;0.3383;0.5194;1.0;1674940000.0;362594000000.0;0.77;0.1754
PETZ3;6.77;61.78;1.7;1.103;0.0033;0.857;8.88;15.53;-4.36;15.17;6.52;0.071;0.0178;0.065;0.0275;1.48;79179100.0;1840570000.0;0.06;0.42560000000000003
PFRM3;3.25;4.61;0.33;0.054;0.0533;0.096;0.46;1.22;2.5;2.95;2.09;0.044500000000000005;0.0131;0.11939999999999999;0.0724;1.45;593863.0;1205210000.0;0.57;0.1605
PGMN3;3.62;-2612.17;0.69;0.175;0.051399999999999994;0.187;1.35;4.32;-0.76;8.11;3.97;0.0404;0.0286;0.054299999999999994;-0.0003;1.41;3166440.0;2334550000.0;0.67;0.09759999999999999
PINE4;1.87;8.52;0.4;0.0;0.0329;0.0;0.0;0.0;0.0;0.0;0.0;0.0;0.0;0.0;0.0471;0.0;409684.0;868979000.0;0.0;0.44789999999999996
PLPL3;4.55;9.0;2.42;0.686;0.0354;0.633;0.93;3.26;4.54;3.89;3.59;0.21050000000000002;0.07629999999999999;0.2627;0.2693;4.51;1635220.0;383684000.0;1.21;0.0849
PNVL3;10.0;17.61;1.38;0.396;0.0222;0.585;2.42;14.33;-32.41;21.33;7.73;0.0276;0.0225;0.0516;0.0783;1.77;4588240.0;1091000000.0;0.82;0.12380000000000001
POMO3;2.57;5.42;0.77;0.449;0.0911;0.329;1.31;6.85;-54.27;10.22;7.64;0.06559999999999999;0.08070000000000001;0.0637;0.142;1.81;1517110.0;3162370000.0;0.75;0.0305
POMO4;3.37;7.11;1.01;0.589;0.0694;0.431;1.72;8.99;-71.17;12.36;9.24;0.06559999999999999;0.08070000000000001;0.0637;0.142;1.81;15419900.0;3162370000.0;0.75;0.0305
PORT3;10.46;16.36;1.93;1.66;0.0576;0.788;30.95;6.59;-1.82;10.12;7.38;0.2518;0.10640000000000001;0.1297;0.1182;1.19;2302840.0;2379580000.0;1.18;0.0
POSI3;7.19;4.92;0.77;0.212;0.0473;0.239;0.66;3.13;1.48;6.24;5.49;0.0678;0.044000000000000004;0.11130000000000001;0.1563;1.74;12022400.0;1326580000.0;1.09;0.25170000000000003
PRIO3;34.47;8.92;3.09;4.806;0.0;1.506;3.32;7.86;159.18;7.76;6.36;0.6112;0.5386;0.38420000000000004;0.3464;7.64;463639000.0;9892020000.0;0.93;0.6507
PRNR3;8.08;8.15;1.22;0.457;0.0369;0.525;2.08;3.71;6.66;4.11;3.2;0.1232;0.08449999999999999;0.18230000000000002;0.1499;1.74;1181570.0;257316000.0;0.54;0.1843
PSSA3;26.75;15.24;1.63;0.624;0.0433;0.343;6.75;0.75;-2.4;0.31;0.3;0.8342;0.0416;0.5742;0.1072;1.09;52156900.0;10583100000.0;0.0;0.1101
PTBL3;7.18;5.09;2.22;0.458;0.0464;0.447;8.69;2.66;-1.31;4.2;3.43;0.17170000000000002;0.08990000000000001;0.225;0.4361;1.13;5436080.0;456086000.0;1.57;0.2234
PTNT3;8.96;9.6;1.2;0.491;0.0356;0.51;2.25;6.59;19.18;8.95;6.29;0.0745;0.0675;0.1003;0.1247;1.77;7329.37;359626000.0;0.76;0.1516
PTNT4;6.24;6.69;0.83;0.342;0.051100000000000007;0.355;1.57;4.59;13.36;6.95;4.89;0.0745;0.0675;0.1003;0.1247;1.77;65341.8;359626000.0;0.76;0.1516
QUAL3;4.93;6.27;0.97;0.693;0.0518;0.299;2.12;1.95;-0.77;4.09;2.62;0.3564;0.1159;0.1996;0.1543;1.88;31169800.0;1447140000.0;1.61;0.0124
RADL3;24.3;40.3;7.52;1.381;0.0105;2.336;12.51;22.89;-18.2;23.97;13.02;0.0603;0.0349;0.1404;0.1865;1.5;132336000.0;5340860000.0;0.43;0.1814
RAIL3;19.0;68.41;2.32;3.58;0.001;0.767;8.67;13.31;-1.69;16.85;9.67;0.26899999999999996;0.052199999999999996;0.07;0.0339;1.71;181810000.0;15191200000.0;1.1;0.0889
RAIZ4;2.94;315.82;1.44;0.125;0.050300000000000004;0.29;3.88;9.21;-0.9;21.07;5.61;0.013500000000000002;0.0006;0.0406;0.0045000000000000005;1.19;105189000.0;21196400000.0;2.08;0.15460000000000002
RANI3;8.5;5.54;1.86;1.242;0.0701;0.596;2.26;3.61;-2.37;4.89;4.15;0.344;0.2242;0.25329999999999997;0.3362;2.61;8607800.0;1125090000.0;1.59;0.193
RAPT3;7.39;5.16;0.89;0.218;0.1164;0.189;0.62;1.78;-1.98;3.46;2.92;0.1225;0.059800000000000006;0.16440000000000002;0.17190000000000003;2.01;109968.0;2744760000.0;1.97;0.2839
RAPT4;8.27;5.77;0.99;0.244;0.10400000000000001;0.211;0.69;1.99;-2.21;3.67;3.1;0.1225;0.059800000000000006;0.16440000000000002;0.17190000000000003;2.01;23905000.0;2744760000.0;1.97;0.2839
RDNI3;6.0;12.3;0.41;0.394;0.0095;0.119;0.96;7.1;-0.33;22.77;20.35;0.0555;0.0475;0.0177;0.0334;1.58;117026.0;639988000.0;1.02;0.34759999999999996
RDOR3;24.9;41.56;4.18;2.548;0.0143;1.016;3.75;13.9;-3.28;17.75;13.22;0.1833;0.0625;0.0987;0.10060000000000001;2.76;145043000.0;13628500000.0;2.15;0.2975
RECV3;28.78;10.33;2.3;3.396;0.026099999999999998;1.292;7.72;7.88;-19.31;6.73;5.22;0.431;0.32880000000000004;0.24530000000000002;0.2225;1.82;81258600.0;3671860000.0;0.18;0.0
REDE3;5.23;7.2;2.63;0.696;0.0998;0.434;5.13;2.99;-0.92;5.32;4.5;0.23309999999999997;0.13140000000000002;0.16579999999999998;0.36479999999999996;1.41;7422.73;4202200000.0;2.55;0.1291
RENT3;56.0;30.07;2.72;3.808;0.0209;0.862;66.2;13.75;-1.91;19.5;14.48;0.27690000000000003;0.1266;0.0814;0.0906;1.06;370423000.0;20329700000.0;1.44;0.15839999999999999
RNEW11;5.91;2.63;3.06;2.848;0.0;0.245;-4.38;-7.45;-0.31;-21.01;-29.62;-0.3822;1.084;-0.0353;1.1642000000000001;0.69;28858.0;160679000.0;6.06;-0.3285
RNEW3;1.98;2.64;3.07;2.863;0.0;0.246;-4.4;-7.49;-0.31;-21.05;-29.67;-0.3822;1.084;-0.0353;1.1642000000000001;0.69;51344.2;160679000.0;6.06;-0.3285
RNEW4;1.99;2.65;3.09;2.877;0.0;0.247;-4.42;-7.53;-0.31;-21.09;-29.72;-0.3822;1.084;-0.0353;1.1642000000000001;0.69;79816.1;160679000.0;6.06;-0.3285
ROMI3;17.85;6.7;1.32;0.904;0.0493;0.641;1.82;5.9;6.01;7.82;6.48;0.1534;0.13570000000000002;0.13140000000000002;0.1967;2.32;14594200.0;1093130000.0;0.66;0.23550000000000001
RPAD3;6.94;8.85;0.55;0.0;0.0001;0.545;10.16;-130.28;10.18;-115.61;-115.61;0.0;0.0;-0.0045000000000000005;0.0622;5.92;1021.51;1066750000.0;0.0;-0.45280000000000004
RPAD5;6.95;8.86;0.55;0.0;0.08259999999999999;0.546;10.17;-130.47;10.19;-115.79;-115.79;0.0;0.0;-0.0045000000000000005;0.0622;5.92;671.39;1066750000.0;0.0;-0.45280000000000004
RPAD6;6.7;8.55;0.53;0.0;0.0001;0.526;9.8;-125.78;9.82;-111.1;-111.1;0.0;0.0;-0.0045000000000000005;0.0622;5.92;878.22;1066750000.0;0.0;-0.45280000000000004
RRRP3;33.36;45.3;1.58;3.933;0.0;0.85;9.97;12.37;-3.29;12.77;8.46;0.3181;0.0741;0.0795;0.0349;1.76;219532000.0;4282440000.0;0.25;1.9039
RSUL4;66.85;6.42;3.2;1.033;0.0292;1.194;4.77;3.94;-13.52;3.77;3.55;0.2619;0.16079999999999997;0.36310000000000003;0.4979;1.87;123109.0;124136000.0;0.09;0.30210000000000004
SANB11;27.48;8.34;1.26;0.0;0.0665;0.0;0.0;0.0;0.0;0.0;0.0;0.0;0.0;0.0;0.1508;0.0;66626600.0;81965600000.0;0.0;0.0178
SANB3;12.87;7.81;1.18;0.0;0.0676;0.0;0.0;0.0;0.0;0.0;0.0;0.0;0.0;0.0;0.1508;0.0;2721600.0;81965600000.0;0.0;0.0178
SANB4;14.74;8.94;1.35;0.0;0.065;0.0;0.0;0.0;0.0;0.0;0.0;0.0;0.0;0.0;0.1508;0.0;3173060.0;81965600000.0;0.0;0.0178
SAPR11;17.09;4.49;0.59;0.91;0.0883;0.31;6.15;2.43;-0.96;4.25;3.53;0.3751;0.203;0.1404;0.1311;1.52;16483100.0;8786890000.0;0.58;0.07429999999999999
SAPR3;3.25;4.27;0.56;0.866;0.086;0.295;5.85;2.31;-0.91;4.13;3.43;0.3751;0.203;0.1404;0.1311;1.52;919929.0;8786890000.0;0.58;0.07429999999999999
SAPR4;3.45;4.53;0.59;0.919;0.0891;0.313;6.21;2.45;-0.97;4.27;3.55;0.3751;0.203;0.1404;0.1311;1.52;7265800.0;8786890000.0;0.58;0.07429999999999999
SBFG3;9.27;11.01;0.94;0.361;0.0127;0.267;1.43;5.59;-1.47;10.72;5.59;0.0645;0.0327;0.0622;0.0851;1.54;26100900.0;2408600000.0;1.03;0.41240000000000004
SBSP3;53.16;11.93;1.33;1.715;0.0177;0.649;15.79;8.18;-1.69;11.63;7.56;0.2097;0.1438;0.085;0.1114;1.48;169454000.0;27355300000.0;0.69;0.0751
SCAR3;14.5;-10.43;0.57;2.174;0.009899999999999999;0.238;2.3;5.61;-0.58;17.33;12.28;0.3872;-0.21530000000000002;0.0449;-0.054299999999999994;2.56;385146.0;1477070000.0;1.32;-0.0171
SEER3;3.9;-5.38;0.37;0.309;0.0;0.144;2.12;2.4;-0.37;4.71;2.37;0.1286;-0.0574;0.0658;-0.0684;1.44;3074640.0;1363920000.0;0.55;0.06269999999999999
SEQL3;3.84;-7.81;1.0;0.292;0.0;0.275;-106.82;18.27;-0.68;39.93;6.55;0.016;-0.0374;0.0175;-0.12869999999999998;0.99;18288800.0;537366000.0;1.32;0.3084
SGPS3;1.14;-0.13;0.09;0.039;0.0;0.019;0.82;-0.47;-0.05;-7.01;-38.66;-0.08470000000000001;-0.314;-0.050499999999999996;-0.75;1.07;208734.0;605751000.0;1.75;0.0003
SHOW3;2.4;-10.32;1.14;0.534;0.0;0.267;2.18;3.66;-2.69;1.11;0.98;0.1459;-0.0438;0.2163;-0.1107;1.23;501968.0;141721000.0;0.83;-0.40020000000000006
SHUL4;4.68;6.19;1.5;0.799;0.06;0.706;1.7;5.43;5.46;6.03;5.07;0.14730000000000001;0.129;0.19649999999999998;0.2422;2.71;2094880.0;1114870000.0;0.75;0.22899999999999998
SIMH3;8.22;14.3;2.39;0.283;0.0794;0.112;0.9;1.3;-0.2;6.4;4.72;0.21780000000000002;0.038599999999999995;0.1242;0.1673;1.55;29372200.0;2881780000.0;13.82;0.36920000000000003
SLCE3;47.81;8.01;2.21;1.059;0.057999999999999996;0.683;4.16;4.12;-3.46;5.02;4.68;0.25730000000000003;0.1394;0.20440000000000003;0.2756;1.53;67773500.0;4598800000.0;0.75;0.3741
SMFT3;15.81;-33.61;2.23;3.532;0.0;0.835;5.34;132.7;-2.52;137.91;10.19;0.026600000000000002;-0.1036;0.0086;-0.0665;2.14;18985000.0;4147930000.0;0.74;0.1998
SMTO3;28.82;9.37;1.76;1.62;0.0393;0.541;3.03;6.03;-1.53;10.19;4.71;0.2687;0.17300000000000001;0.10679999999999999;0.1882;2.11;71065000.0;5788730000.0;1.68;0.1789
SOJA3;12.85;12.78;2.05;1.014;0.0085;0.898;3.46;12.39;4.82;12.91;12.69;0.0818;0.0793;0.13470000000000001;0.16079999999999997;1.58;2185840.0;732501000.0;0.66;0.7023
SOMA3;8.98;21.02;0.95;1.447;0.0101;0.662;4.37;12.99;67.0;14.59;10.23;0.1114;0.0688;0.0571;0.0453;1.93;74153700.0;7404930000.0;0.16;0.6099
SOND5;36.0;5.4;1.53;0.733;0.1843;0.975;3.11;3.59;4.63;2.38;2.21;0.20420000000000002;0.1358;0.414;0.28309999999999996;2.21;2490.49;57907000.0;0.0;0.2259
SOND6;32.35;4.85;1.37;0.659;0.2051;0.876;2.79;3.23;4.16;2.01;1.87;0.20420000000000002;0.1358;0.414;0.28309999999999996;2.21;473.42;57907000.0;0.0;0.2259
SQIA3;17.06;46.5;1.91;2.705;0.0039000000000000003;0.989;37507.3;20.85;-3.16;22.89;11.4;0.1297;0.057999999999999996;0.0542;0.0412;1.0;8317160.0;783626000.0;0.42;0.4019
STBP3;8.16;16.77;3.29;3.697;0.08070000000000001;1.42;13.59;13.04;-3.96;12.25;8.68;0.28350000000000003;0.22039999999999998;0.1323;0.19640000000000002;1.99;41764100.0;2139970000.0;0.15;0.2003
SUZB3;47.44;2.69;1.9;1.261;0.051699999999999996;0.472;2.78;3.02;-1.0;5.78;4.26;0.4177;0.46950000000000003;0.1893;0.7071999999999999;2.56;268029000.0;33061000000.0;2.26;0.3601
SYNE3;4.1;0.51;0.4;0.271;0.1278;0.149;1.02;0.42;-0.8;0.82;0.79;0.6505;0.5652;0.39990000000000003;0.7934;6.61;1286880.0;1550460000.0;0.67;0.3715
TAEE11;36.14;6.73;1.79;4.409;0.17129999999999998;0.697;4.71;5.6;-1.71;8.71;8.61;0.7868999999999999;0.6548999999999999;0.13720000000000002;0.2661;3.71;81057600.0;6950930000.0;1.22;0.2298
TAEE3;12.08;6.75;1.8;4.421;0.17079999999999998;0.699;4.72;5.62;-1.71;8.73;8.63;0.7868999999999999;0.6548999999999999;0.13720000000000002;0.2661;3.71;2773820.0;6950930000.0;1.22;0.2298
TAEE4;12.09;6.76;1.8;4.424;0.1707;0.7;4.72;5.62;-1.72;8.73;8.63;0.7868999999999999;0.6548999999999999;0.13720000000000002;0.2661;3.71;5649650.0;6950930000.0;1.22;0.2298
TASA3;14.18;2.96;1.66;0.65;0.1075;0.767;3.23;2.12;5.72;2.41;2.32;0.3059;0.2193;0.4559;0.5590999999999999;1.55;567449.0;1083620000.0;0.54;0.4093
TASA4;14.8;3.09;1.73;0.678;0.10300000000000001;0.801;3.37;2.22;5.97;2.5;2.41;0.3059;0.2193;0.4559;0.5590999999999999;1.55;9744800.0;1083620000.0;0.54;0.4093
TCSA3;2.62;-2.62;0.34;1.054;0.0;0.125;0.36;-2.55;-2.29;-8.4;-10.03;-0.413;-0.4047;-0.053899999999999997;-0.1281;3.12;600151.0;575508000.0;1.0;-0.0383
TECN3;2.57;5.28;0.56;0.54;0.0319;0.303;0.61;2.88;1.58;3.39;3.81;0.18780000000000002;0.1023;0.1334;0.1058;4.28;1314370.0;342793000.0;0.36;0.0242
TELB3;14.73;-8.39;0.77;3.7;0.0;0.317;1.05;-4.45;-1.51;-1.09;-7.07;-0.8306;-0.4411;-0.1025;-0.0915;4.98;12980.9;1657470000.0;0.11;0.5899
TELB4;8.0;-4.56;0.42;2.01;0.0;0.172;0.57;-2.42;-0.82;0.94;6.08;-0.8306;-0.4411;-0.1025;-0.0915;4.98;28937.8;1657470000.0;0.11;0.5899
TEND3;4.95;-0.78;0.61;0.225;0.0;0.121;1.1;-1.56;-0.32;-3.98;-4.74;-0.14400000000000002;-0.29100000000000004;-0.0964;-0.7831999999999999;1.34;17829100.0;843680000.0;1.8;0.1185
TFCO4;11.0;18.15;5.53;3.291;0.016399999999999998;3.398;6.75;14.62;10.02;14.92;14.29;0.22510000000000002;0.1814;0.2826;0.3045;3.27;1748070.0;317938000.0;0.28;0.3197
TGMA3;17.62;8.81;1.58;0.919;0.0637;1.123;4.2;7.15;5.86;7.09;6.25;0.1285;0.1043;0.1875;0.1793;2.26;2966040.0;736379000.0;0.17;-0.0176
TIMS3;12.41;17.98;1.18;1.395;0.0466;0.533;-10.91;8.66;-1.46;8.72;2.94;0.1612;0.0776;0.0732;0.0658;0.79;106328000.0;25397400000.0;0.2;0.4548
TKNO4;72.99;4.12;0.81;0.658;0.08960000000000001;0.575;1.67;5.22;1.87;4.27;3.8;0.1261;0.1595;0.1456;0.1971;2.35;526.81;264665000.0;0.01;0.2888
TOTS3;28.03;34.73;4.02;4.561;0.0111;1.63;5.98;12.6;87.01;11.88;10.14;0.36210000000000003;0.138;0.1772;0.11560000000000001;1.87;128032000.0;4308620000.0;0.41;0.1433
TPIS3;0.83;-53.49;0.16;0.128;0.0225;0.048;-0.44;0.73;-0.08;8.88;4.04;0.17579999999999998;-0.0045000000000000005;0.0696;-0.0029;0.34;581405.0;926523000.0;1.85;-0.0166
TRAD3;1.42;-13.01;0.7;4.177;0.0001;0.654;1.94;-4.8;1.95;-2.29;-2.85;-0.8698;-0.319;-0.2097;-0.0535;6.95;2327450.0;571473000.0;0.01;0.0
TRIS3;3.42;11.1;0.51;0.878;0.0642;0.277;0.6;6.47;1.46;11.06;10.9;0.13570000000000002;0.08259999999999999;0.048799999999999996;0.046;3.93;2735330.0;1250420000.0;0.54;0.08539999999999999
TRPL3;29.85;8.69;1.22;3.608;0.0356;0.61;5.82;6.58;-1.78;8.85;8.77;0.5484;0.42560000000000003;0.0968;0.1398;3.61;56466.1;16177500000.0;0.5;0.1724
TRPL4;21.86;6.37;0.89;2.643;0.048600000000000004;0.447;4.27;4.82;-1.31;7.09;7.03;0.5484;0.42560000000000003;0.0968;0.1398;3.61;42661400.0;16177500000.0;0.5;0.1724
TTEN3;13.07;11.37;2.31;0.943;0.0012;1.068;4.28;12.67;6.54;13.09;12.19;0.0745;0.08289999999999999;0.1585;0.2029;1.55;13944800.0;2816980000.0;0.39;0.4874
TUPY3;26.51;7.43;1.23;0.396;0.017;0.426;1.01;4.29;18.04;6.03;4.27;0.09230000000000001;0.0526;0.1553;0.1655;2.66;15129400.0;3107290000.0;1.13;0.1827
UCAS3;2.5;4.39;0.84;0.655;0.0726;0.547;4.58;7.44;7.59;6.38;4.41;0.08800000000000001;0.1492;0.087;0.19190000000000002;1.39;128038.0;196055000.0;0.06;0.1475
UGPA3;13.77;8.53;1.31;0.107;0.037200000000000004;0.421;2.65;4.17;-2.69;6.11;4.78;0.0256;0.0128;0.1606;0.15380000000000002;1.45;91746200.0;11708700000.0;1.13;0.1191
UNIP3;75.6;4.22;2.79;1.0;0.1648;1.217;4.95;2.69;-15.28;2.63;2.42;0.3712;0.2386;0.6493000000000001;0.6605;2.06;1883430.0;2818630000.0;0.51;0.2546
UNIP5;87.02;4.86;3.21;1.151;0.1575;1.4;5.7;3.1;-17.59;3.04;2.8;0.3712;0.2386;0.6493000000000001;0.6605;2.06;22505.6;2818630000.0;0.51;0.2546
UNIP6;80.54;4.49;2.97;1.065;0.1702;1.296;5.28;2.87;-16.28;2.8;2.59;0.3712;0.2386;0.6493000000000001;0.6605;2.06;16696500.0;2818630000.0;0.51;0.2546
USIM3;7.59;5.89;0.41;0.293;0.0754;0.238;0.64;2.13;1.52;2.38;1.98;0.1374;0.0645;0.139;0.0698;3.78;3688880.0;23155000000.0;0.27;0.28850000000000003
USIM5;7.29;5.65;0.39;0.281;0.0863;0.228;0.61;2.05;1.46;2.3;1.91;0.1374;0.0645;0.139;0.0698;3.78;109130000.0;23155000000.0;0.27;0.28850000000000003
USIM6;13.02;10.1;0.7;0.502;0.0483;0.408;1.09;3.66;2.61;3.91;3.25;0.1374;0.0645;0.139;0.0698;3.78;277.17;23155000000.0;0.27;0.28850000000000003
VALE3;86.11;4.07;2.09;1.726;0.0472;0.862;45.82;3.92;-2.2;4.34;3.72;0.44;0.4253;0.24600000000000002;0.5127;1.12;1952500000.0;187112000000.0;0.35;0.188
VAMO3;14.5;22.24;4.09;3.026;0.018000000000000002;0.892;-109.57;9.21;-1.68;12.77;10.65;0.3287;0.1361;0.1341;0.1837;0.97;43524800.0;3638890000.0;2.06;5.0325
VBBR3;15.18;8.86;1.4;0.101;0.0564;0.447;1.59;3.68;-2.74;6.39;5.73;0.0273;0.011399999999999999;0.1456;0.158;2.19;152516000.0;12636000000.0;1.28;0.1496
VIIA3;1.95;-20.78;0.57;0.103;0.0;0.092;-0.88;1.46;-0.23;5.25;3.46;0.0707;-0.005;0.083;-0.027200000000000002;0.81;181064000.0;5505000000.0;1.69;0.0475
VITT3;11.92;11.98;2.57;1.911;0.030600000000000002;1.77;5.11;9.76;4.82;10.82;10.03;0.19579999999999997;0.158;0.2054;0.2145;2.06;2705150.0;663557000.0;0.4;0.2633
VIVA3;22.38;16.01;3.34;2.835;0.0024;1.973;5.45;15.48;13.08;15.56;11.92;0.18309999999999998;0.1771;0.1496;0.2084;2.83;26375000.0;1584370000.0;0.15;0.3699
VIVT3;39.04;15.9;0.95;1.352;0.07780000000000001;0.545;-13.29;10.77;-1.95;13.59;4.39;0.12560000000000002;0.08449999999999999;0.055099999999999996;0.059699999999999996;0.78;106053000.0;68403700000.0;0.28;0.0197
VLID3;8.73;29.19;0.58;0.38;0.0301;0.268;1.17;1.89;-9.05;3.17;2.41;0.201;0.008199999999999999;0.18059999999999998;0.019799999999999998;1.87;2300390.0;1235370000.0;0.7;0.0254
VULC3;11.3;5.91;1.62;1.095;0.0327;1.102;2.71;6.9;3.54;7.44;6.18;0.15869999999999998;0.1852;0.1815;0.2746;2.8;3462200.0;1711490000.0;0.24;0.1894
VVEO3;17.99;18.5;2.25;0.665;0.0241;0.623;2.11;10.41;-4.28;13.5;10.41;0.0639;0.0359;0.0888;0.1213;2.05;2711360.0;2292800000.0;1.3;0.0
WEGE3;40.16;40.06;11.36;5.637;0.0134;5.991;17.95;29.79;24.91;29.52;26.84;0.1892;0.1429;0.26789999999999997;0.2837;1.91;273184000.0;14834800000.0;0.23;0.2712
WEST3;1.01;-2.4;0.32;0.406;0.0;0.262;0.47;-1.46;0.55;0.25;0.32;-0.2771;-0.16899999999999998;-0.3039;-0.1322;6.77;220374.0;351390000.0;0.08;-0.0949
WHRL3;4.43;12.3;2.72;0.609;0.042199999999999994;0.822;12.89;8.63;-465.26;8.01;6.59;0.0706;0.049699999999999994;0.2138;0.2216;1.1;11718.1;2443420000.0;0.33;0.1447
WHRL4;4.51;12.52;2.77;0.62;0.045599999999999995;0.837;13.12;8.78;-473.66;8.17;6.71;0.0706;0.049699999999999994;0.2138;0.2216;1.1;33242.3;2443420000.0;0.33;0.1447
WIZC3;7.05;7.22;2.59;1.286;0.0834;0.566;-11.78;2.91;-1.71;2.99;2.6;0.4416;0.2493;0.2274;0.3593;0.79;5100320.0;434444000.0;0.62;0.1241
WLMM3;22.0;7.06;1.32;0.45;0.0492;1.085;2.58;6.89;3.16;6.25;6.04;0.0653;0.0636;0.1832;0.1875;5.14;107.32;605078000.0;0.02;0.282
WLMM4;23.46;7.53;1.41;0.479;0.0507;1.157;2.75;7.35;3.37;6.71;6.48;0.0653;0.0636;0.1832;0.1875;5.14;26023.5;605078000.0;0.02;0.282
YDUQ3;7.56;-49.33;0.77;0.518;0.0167;0.235;1.58;4.29;-0.58;11.89;5.2;0.1207;-0.0101;0.0669;-0.015700000000000002;2.07;46159900.0;3024090000.0;1.89;0.066
ZAMP3;5.08;-25.07;0.94;0.384;0.0;0.339;21.55;14.46;-0.85;19.57;3.77;0.0265;-0.015300000000000001;0.0298;-0.037599999999999995;1.07;5514760.0;1485190000.0;0.68;0.0874
